date,Close,High,Low,Open,Volume
2025-02-24,245.80125427246094,247.55199828948733,243.1353323966777,243.64264638435856,51326400
2025-02-25,245.74154663085938,248.68599549611233,243.62275227067275,246.69650753214344,48013300
2025-02-26,239.09666442871094,243.6923767743236,237.87313357927937,243.04579925662603,44433600
2025-02-27,236.05274963378906,241.1856322165831,235.81400561415145,238.15166004001364,41153600
2025-02-28,240.56887817382812,240.8175641664438,228.9900589647863,235.70458076540925,56833400
2025-03-03,236.77890014648438,242.7473638198223,234.8689935924468,240.51913191748446,47184000
2025-03-04,234.68994140625,238.80819608105105,233.44651142335266,236.46059966619734,53798100
2025-03-05,234.50094604492188,235.30668622205877,228.02515316620742,234.18262069274581,47227600
2025-03-06,234.0930938720703,236.60979483297604,231.9345013377031,233.20777237015392,45170400
2025-03-07,237.81344604492188,240.10134501237943,233.5260868229449,233.8742532807345,46273600
2025-03-10,226.28436279296875,234.91874867921032,223.04150278970278,234.3019970725287,72071200
2025-03-11,219.67926025390625,224.65298022983382,216.30707871737093,222.63365113389432,76137400
2025-03-12,215.83956909179688,220.58450266635003,213.78045671174684,218.98296406915986,62547500
2025-03-13,208.5779266357422,215.70029772842102,207.3245545879158,214.81497612462363,61368300
2025-03-14,212.36790466308594,212.8254784087618,208.4784519318959,210.13967261110687,60107600
2025-03-17,212.87522888183594,214.08881784956162,208.86641153353526,212.18885305172668,48073400
2025-03-18,211.57211303710938,214.019174884069,210.3784232206469,213.0343879953175,42432400
2025-03-19,214.10870361328125,217.6101915579757,212.6265295918345,213.0940604852241,54385400
2025-03-20,212.97470092773438,216.3468825511506,211.10457731145533,212.86527847830126,48862900
2025-03-21,217.12277221679688,217.68976839110027,210.16950634984832,210.4480334492585,94127800
2025-03-24,219.56983947753906,220.3158974796034,217.4311459430569,219.8384246082871,44299500
2025-03-25,222.573974609375,222.92214108802088,218.92326587520165,219.6096416779903,34493600
2025-03-26,220.36561584472656,223.83727753407086,219.31118973503234,222.33520452469477,34466100
2025-03-27,222.67343139648438,223.80743885219795,219.40071541682642,220.22635468753003,37094800
2025-03-28,216.75469970703125,222.63364006926244,216.5358548246797,220.50488863250547,39818600
2025-03-31,220.9624786376953,224.4341253115235,215.09348022110552,215.86937928840504,65299300
2025-04-01,222.0169219970703,222.50433685640354,217.749461617725,218.65468232589998,36412700
2025-04-02,222.71324157714844,224.00641185945875,219.8583310514353,220.15675729790527,35905900
2025-04-03,202.12205505371094,206.39945769712665,200.19224908119847,204.45969456936825,103419000
2025-04-04,187.38987731933594,198.82943318150367,186.3553350717911,192.87091122900438,125910900
2025-04-07,180.50625610351562,193.12954493623218,173.70219548773406,176.26863687444822,160466300
2025-04-08,171.51377868652344,189.3395914266431,168.32065857366717,185.71872345097177,120859500
2025-04-09,197.8048553466797,199.55559936553783,170.98654976711688,171.04623198001363,184395900
2025-04-10,189.41915893554688,193.7562435722064,182.0381599544528,188.0762635840202,121880000
2025-04-11,197.1085205078125,198.49121408156802,185.0820690088969,185.12186726950821,87435900
2025-04-14,201.45555114746094,211.82078139531484,200.10269875392328,210.32866545443895,101352900
2025-04-15,201.0775604248047,202.4403549077855,198.7498630049633,200.7990333068026,51343900
2025-04-16,193.24891662597656,199.64511311117855,191.35889396287376,197.31741584829123,59732400
2025-04-17,195.94467163085938,197.78495412822454,193.39812938355274,196.16351652823,52164700
2025-04-21,192.1447296142578,192.78136508405416,188.81233157759124,192.25415204712533,46742500
2025-04-22,198.690185546875,200.53045296496776,194.93999616163734,195.0892017003565,52976400
2025-04-23,203.52462768554688,206.9067512010516,201.7340854567431,204.9172632087338,52929200
2025-04-24,207.27481079101562,207.73239972806866,201.87335793866913,203.81310578126346,47311000
2025-04-25,208.18002319335938,208.6475540878433,205.1162098506388,205.28531450927932,38222300
2025-04-28,209.03550720214844,210.38835967290976,206.3696005213303,208.89624364686077,38743100
2025-04-29,210.09986877441406,211.1244537916441,207.27478452266,207.59310986089218,36827600
2025-04-30,211.38311767578125,212.45744310704663,205.58375784941018,208.19993964532281,52286500
2025-05-01,212.19879150390625,213.43226431553572,207.8020097882055,207.98107159612528,57365700
2025-05-02,204.27069091796875,205.9020705063368,201.09745506032002,205.0067917796952,101010600
2025-05-05,197.84463500976562,203.02725796650907,197.1682163705072,202.03251395918386,69018500
2025-05-06,197.4666290283203,199.59538061408486,195.98447015970467,197.1682179665783,51216500
2025-05-07,195.21852111816406,198.3917570874617,192.23428894820486,198.12317194216024,68536700
2025-05-08,196.45199584960938,198.99853803284546,193.65675249053749,196.68078271707188,50478900
2025-05-09,197.4865264892578,199.48595647897335,196.50172445806652,197.95405738682032,36453900
2025-05-12,209.95704650878906,210.435160708662,205.93301745006437,210.13634313336473,63775800
2025-05-13,212.08859252929688,212.55673652410627,208.17412935394688,209.59847136477597,51909300
2025-05-14,211.49098205566406,213.09462076548897,209.74789716231066,211.59057778761635,49325800
2025-05-15,210.6144561767578,212.11849916658366,208.71199985896817,210.11643191755599,45029500
2025-05-16,210.42520141601562,211.73003772257164,208.94109887256835,211.52086084946143,54737900
2025-05-19,207.9550018310547,208.65223273202483,203.45285841572866,207.0884445111699,46140500
2025-05-20,206.04258728027344,207.64622592622177,204.2198167548668,206.84938410987283,42496600
2025-05-21,201.29144287109375,206.2218800326306,199.91690624087693,204.35927415345975,59211800
2025-05-22,200.56431579589844,201.94882252859867,198.91087172706415,199.91689038506837,46742400
2025-05-23,194.49838256835938,196.91877297523902,192.6955373289648,192.9046989896,78432900
2025-05-27,199.4188690185547,199.94677348688452,196.64984031499387,197.51641281084125,56288500
2025-05-28,199.62803649902344,201.9289060786693,199.11008702875665,199.79736291846774,45339700
2025-05-29,199.15989685058594,203.00464471322186,197.72558456215265,202.775557811137,51396800
2025-05-30,200.0563507080078,201.16196516975768,196.00242594876025,198.58218796001185,70819900
2025-06-02,200.90298461914062,201.3312933884623,199.3292261245183,199.4885975362889,35423300
2025-06-03,202.46678161621094,202.96480586317466,200.16591202699755,200.55437033168948,46381600
2025-06-04,202.01853942871094,205.42502305946414,201.30138338029005,202.10818013514051,43604000
2025-06-05,199.8372039794922,203.94091870107042,199.35908978394463,202.69585814733983,55126100
2025-06-06,203.11419677734375,204.8871617909174,201.2515910514923,202.19783403313102,46607700
2025-06-09,200.65396118164062,205.18598475848052,199.22961916524454,203.58234611432158,72862600
2025-06-10,201.869140625,203.54250994980842,199.77744796710627,199.8073282051838,54672600
2025-06-11,197.9945068359375,203.69190510411792,197.62597377823997,202.69585666840098,60989900
2025-06-12,198.41285705566406,198.890956077424,196.58013147350607,198.29333609984755,43904600
2025-06-13,195.67372131347656,199.57822954037988,194.92668495173118,198.94075911963023,51447300
2025-06-16,197.6359405517578,197.90487790098294,195.78328974313985,196.52037110088898,43020700
2025-06-17,194.86691284179688,197.60604600468164,194.43861931524052,196.42074594971083,38856200
2025-06-18,195.80320739746094,196.7893008408277,194.2991796996429,195.16573699325735,45394700
2025-06-20,200.20574951171875,200.90298042554332,196.08210930882012,197.45666110928434,96813500
2025-06-23,200.70376586914062,201.50060768152076,198.17380945321412,200.83325703321927,55814300
2025-06-24,199.50851440429688,202.63610603642124,199.4089034764897,201.78945874554142,54064000
2025-06-25,200.76351928710938,202.8651820841085,199.82723133036671,200.65395335177794,39525700
2025-06-26,200.20574951171875,201.8392684520338,198.67184150130464,200.63404307360597,50799100
2025-06-27,200.2854461669922,202.41698947637084,199.20971189891864,201.09224306842364,73188600
2025-06-30,204.35926818847656,206.570497066428,198.47261792694385,201.21175129212304,91912800
2025-07-01,206.99879455566406,209.35942450018746,205.3254252695324,205.85332972802502,78788900
2025-07-02,211.6005401611328,212.49697770796604,207.31752868499885,208.08449026524102,67941800
2025-07-03,212.70614624023438,213.8017903991559,210.97301649264048,211.31166931275297,34955800
2025-07-07,209.120361328125,215.37554414763466,207.97491173225177,211.8395692407974,50229000
2025-07-08,209.18014526367188,210.59453234535175,207.62631199643187,209.26980118177752,42848900
2025-07-09,210.30567932128906,210.49493096772343,206.40117103180637,208.7020406311003,48749400
2025-07-10,211.57066345214844,212.63642743345136,209.2000631819418,209.67816220166208,44443600
2025-07-11,210.32559204101562,211.29176024279,209.03072603053,209.73792710960444,39765800
2025-07-14,207.79562377929688,210.07658325197187,206.71988962428105,209.10044482334126,38840100
2025-07-15,208.28370666503906,211.05272033528996,208.09445501444372,208.39327261019983,42296300
2025-07-16,209.3295440673828,211.5606828488181,207.8155461810567,209.4689902412225,47490500
2025-07-17,209.19009399414062,210.96305897069354,208.761785269157,209.7379236663323,48068100
2025-07-18,210.3455047607422,210.95309492429405,208.87135730762196,210.0367321724359,48974600
2025-07-21,211.640380859375,214.92734394651046,210.79374875413163,211.26189276464606,51377400
2025-07-22,213.5527801513672,214.1006098348481,211.39135685335447,212.29776458434165,46404100
2025-07-23,213.3037872314453,214.29983576430007,211.5706725113145,214.15043456376964,46989300
2025-07-24,212.91531372070312,214.83769515517375,212.68622683006964,213.05475989741393,46022600
2025-07-25,213.03485107421875,214.38947759784276,212.5567368669443,213.85160291428238,40268800
2025-07-28,213.20419311523438,214.00103498726418,212.21809958876685,213.18426788884761,37858000
2025-07-29,210.43516540527344,213.96117031669576,209.9869466315705,213.33365491441555,51411700
2025-07-30,208.2239227294922,211.55072076453234,206.89917652304968,211.06265157316113,45512500
2025-07-31,206.74978637695312,209.01080544085684,206.3414028602417,207.66614913739534,80698400
2025-08-01,201.58029174804688,212.73603143542957,200.7037642416869,210.03673342752194,104434500
2025-08-04,202.5464630126953,207.0585613783641,200.88304868853191,203.70186769022786,75109300
2025-08-05,202.11814880371094,204.52858421879685,201.36115745633876,202.59624780213056,44155100
2025-08-06,212.40733337402344,214.52892145014,204.77759854868273,204.81744899810374,108483100
2025-08-07,219.16053771972656,219.97730473834642,215.7241736307253,218.01508808955717,90224800
2025-08-08,228.44371032714844,230.08718413442585,218.3836152444713,219.95737356583322,113854000
2025-08-11,226.53909301757812,228.91238364576833,224.12592192869855,227.27701087414155,61806100
2025-08-12,229.0021209716797,230.14888579943394,226.429412881848,227.36674823663387,55626200
2025-08-13,232.6717529296875,234.33703985510917,229.77992501054072,230.4181341091737,69878500
2025-08-14,232.123291015625,234.4566858681212,230.1987431425788,233.39967872378062,51916300
2025-08-15,230.9366455078125,233.6190590405621,228.69299310222902,233.33985018068216,56038700
2025-08-18,230.23863220214844,232.46233685580373,229.46083388892833,231.04634466466607,37476200
2025-08-19,229.90956115722656,232.2130419457167,228.70298322789472,230.62753117126795,39402600
2025-08-20,225.3723907470703,229.81981519856654,225.13307755654054,229.33119207499826,42263900
2025-08-21,224.26553344726562,225.88097364743615,223.14869792378403,225.6316789169631,30621200
2025-08-22,227.11746215820312,228.44371192910324,224.77410085849388,225.53195134940427,42477800
2025-08-25,226.51914978027344,228.6531118971015,225.59176554347297,225.84106025439092,30983100
2025-08-26,228.6630859375,228.84258604761433,224.05612439304167,226.22996704217394,54575100
2025-08-27,229.8397674560547,230.24859923631865,227.6160475796746,227.96506627689797,31259500
2025-08-28,231.9039306640625,232.75153884501827,228.69301327644948,230.16884905542523,38074700
2025-08-29,231.485107421875,232.7216147258446,230.71727541448905,231.85405874294378,39418400
2025-09-02,229.0719451904297,230.19876225122124,226.32970313085187,228.6032698757151,44075600
2025-09-03,237.79725646972656,238.17618932549604,233.69885053091846,236.5408165177042,66427800
2025-09-04,239.10354614257812,239.2232027368954,236.0721290991865,237.77729643117493,47549400
2025-09-05,239.0137939453125,240.63920029193574,237.81718240373485,239.32291694518142,54870400
2025-09-08,237.2089080810547,239.47249309970456,235.67324414176576,238.62490021245955,48999500
2025-09-09,233.68887329101562,238.1063683630383,232.70166073618753,236.33139119913957,66313900
2025-09-10,226.1501922607422,231.76431424305812,225.31256565050364,231.53496736029473,83440800
2025-09-11,229.3810577392578,229.7998710451417,226.010588238333,226.23995033725743,50208600
2025-09-12,233.40966796875,233.84841389514688,228.3739115767776,228.5733443098202,55824200
2025-09-15,236.0322265625,237.5180285002954,234.3669397384463,236.33138325533858,42699500
2025-09-16,237.4781494140625,240.53949594661788,235.65332541334,236.51088466190768,63421100
2025-09-17,238.3157958984375,239.42266510979977,237.05934071942244,238.2958480596019,46508000
2025-09-18,237.2089080810547,240.51953392817583,235.98236714862816,239.2930082114909,44249600
2025-09-19,244.8074188232422,245.60516498271895,239.53234916144805,240.5494606794321,163741300
2025-09-22,255.35755920410156,255.9160073848096,247.42002368458668,247.5995237986898,105517400
2025-09-23,253.71221923828125,256.6140134777918,252.86462630601793,255.15814081026073,60275200
2025-09-24,251.59820556640625,255.01853710208397,250.33178410429736,254.49999981420794,42303700
2025-09-25,256.14532470703125,256.4444966190252,250.99989343760635,252.49566170312627,55202100
2025-09-26,254.73931884765625,256.87328100426123,253.06405044687503,253.38315498635407,46076300
2025-09-29,253.71221923828125,254.28061851263055,252.29622703166862,253.84185736381545,40127700
2025-09-30,253.9116668701172,255.1980209495745,252.39595068950493,254.1410137555297,37704300
2025-10-01,254.72933959960938,258.0599285933123,254.21080232618834,254.32049261064776,48713900
2025-10-02,256.40460205078125,257.45162766856953,253.43299812845933,255.85613542550084,42630200
2025-10-03,257.2920837402344,258.5086431914624,253.23357360959045,253.9515436206674,49155600
2025-10-06,255.96583557128906,258.33912604890287,254.3304629034206,257.2621558739689,44664100
2025-10-07,255.75645446777344,256.6738420114173,254.70939836699205,256.0855101139428,31955800
2025-10-08,257.3320007324219,257.7906945345413,255.38748958216482,255.79633660873378,36496900
2025-10-09,253.32330322265625,257.27213808351553,252.42584836214985,257.08267167133846,38322000
2025-10-10,244.57806396484375,255.6567217403356,243.3116425485481,254.2207817432353,61999100
2025-10-13,246.96133422851562,248.98560621270488,244.86725241658198,248.67648318296307,38142900
2025-10-14,247.07101440429688,248.14796941642882,244.00966795095763,245.90431694508948,35478000
2025-10-15,248.63658142089844,251.10959602979932,246.77186176083558,248.78616738422895,33893600
2025-10-16,246.75192260742188,248.33743345063007,244.43847540742667,247.54966879270205,39777000
2025-10-17,251.5782470703125,252.66518358811555,246.57242016484557,247.3203043073955,49147000
2025-10-20,261.50018310546875,263.63416054313814,254.90884523128253,255.168106265739,90483000
2025-10-21,262.0286560058594,264.5415659974475,261.0913055219307,261.1411827196178,46695900
2025-10-22,257.72088623046875,262.1084670888602,254.70938662410154,261.9090191460537,45015300
2025-10-23,258.84765625,259.8847307097371,257.2821086816683,259.2066564378435,32754900
2025-10-24,262.0785827636719,263.3848847726989,258.4488367256365,260.4531761824355,38253700
2025-10-27,268.0516662597656,268.36078929414754,263.90339825112477,264.13276036080543,44888200
2025-10-28,268.2411193847656,269.12862319727753,267.39351124836816,268.23113785786586,41534800
2025-10-29,268.93914794921875,270.6443152614699,266.35642794866993,268.5203194424725,51086700
2025-10-30,270.63433837890625,273.36662916750566,267.72259312931254,271.2226702585742,69886500
2025-10-31,269.6072692871094,276.53767519933945,268.40069127196034,276.2085891024436,86167100
2025-11-03,268.29095458984375,270.08589475979994,265.49886601188945,269.65711516237894,50194600
2025-11-04,269.2781982421875,270.72408938596277,266.86501191822913,267.5730004152706,49274800
2025-11-05,269.3779296875,270.9335263776032,266.17696342424256,267.8522167164328,43683100
2025-11-06,269.0089416503906,272.6287059365568,267.1342708755924,267.1342708755924,51204000
2025-11-07,267.7126159667969,271.5218466038475,266.0173996929098,269.03885049148494,48227400
2025-11-10,268.93035888671875,273.22240319845355,266.96401085683,268.46122924118225,41312400
2025-11-11,274.73956298828125,275.3983427074405,269.2996575494418,269.3096487524697,46208300
2025-11-12,272.9628601074219,275.2186787593472,271.19615348009904,274.49002155435767,48398000
2025-11-13,272.44384765625,276.1868935731559,271.5854266195937,273.6016697208788,49602800
2025-11-14,271.9048156738281,275.44821996704485,269.10002929321837,270.54732197227213,47431300
2025-11-17,266.9639892578125,269.98836893107386,265.237217022597,268.3214829895084,45018300
2025-11-18,266.9440612792969,270.2079864201871,264.8279974843966,269.48932037088264,45677300
2025-11-19,268.06195068359375,271.7051756343288,265.00762791735707,265.0375710636542,40424500
2025-11-20,265.7562561035156,274.91922505965954,265.42688147061517,270.327749378444,45823600
2025-11-21,270.98651123046875,272.8230952896135,265.17732758833057,265.4568071090486,59030800
2025-11-24,275.4083251953125,276.4863089537433,270.397615191446,270.397615191446,65585800
2025-11-25,276.4563903808594,279.8600705608694,274.73957871594786,274.75953066216096,46914200
2025-11-26,277.0352783203125,279.01161742605893,276.1170014953278,276.44637611579356,33431400
2025-11-28,278.3328857421875,278.4826014787427,275.4781737009374,276.7458380127342,20135600
2025-12-01,282.57501220703125,282.89442609469603,275.62792768573877,277.4944549964911,46587700
2025-12-02,285.6592712402344,286.86701880065203,282.10587559562896,282.47518456741903,53669500
2025-12-03,283.623046875,288.0847586222564,282.77461708045536,285.6692634925469,43538700
2025-12-04,280.179443359375,284.20196835267484,278.07334059490756,283.5731318378766,43989100
2025-12-05,278.26300048828125,280.6186397013617,277.53434330937836,280.01974631085085,47265800
2025-12-08,277.3746643066406,279.15136205700173,275.6378704438954,277.6142094762677,38211800
2025-12-09,276.66595458984375,279.5106752769474,276.40645748061854,277.64414811825674,32193300
2025-12-10,278.26300048828125,279.2312028389952,275.92734368017386,277.23491184461454,33038300
2025-12-11,277.514404296875,279.07150890817053,273.3022288840155,278.5824273392719,33248000
2025-12-12,277.7639465332031,278.70220580092337,276.30666253778065,277.38464634485007,39532900
2025-12-15,273.6016540527344,279.63046152672615,272.33402020742307,279.63046152672615,50409100
2025-12-16,274.1007385253906,274.9891026980292,271.2859911871425,272.3140798989353,37648600
2025-12-17,271.33587646484375,275.6478724530811,271.13626563598973,274.50001118897205,50138700
2025-12-18,271.68524169921875,273.12257373871984,266.4549687260805,273.1025913325419,51630700
2025-12-19,273.1625061035156,274.09077415448866,269.399477884542,271.6453053723066,144632000
2025-12-22,270.4674987792969,273.37210596231955,270.00836035897595,272.3539780142796,36571800
2025-12-23,271.85491943359375,271.99467443806464,269.06012395403746,270.3377490962612,29642000
2025-12-24,273.3022155761719,274.9192064044749,271.69521595033444,271.8349404799371,17910600
2025-12-26,272.8929748535156,274.859322715931,272.35396775197984,273.65157518449314,21521800
2025-12-29,273.2523498535156,273.8512128461511,271.8449608988494,272.1843267483383,23715200
2025-12-30,272.5735778808594,273.5717234473003,271.77507361210075,272.304089543875,22139600
2025-12-31,271.3558349609375,273.17246717497864,271.24605357156486,272.553621806917,27293600
2026-01-02,270.5074157714844,277.32473598417806,268.5011336129586,271.75509761912826,37838100
2026-01-05,266.7643737792969,271.0064921177503,265.6464557026853,270.1381104139889,45647200
2026-01-06,261.8734436035156,267.0538212812338,261.6338984265986,266.504853430471,52352100
2026-01-07,259.8471984863281,263.1909919246956,259.32817380451803,262.71190159101934,48309800
2026-01-08,258.55963134765625,258.80916773471864,255.22581364132833,256.5433578451618,50419300
2026-01-09,258.8890075683594,259.7274461787287,255.74485516422806,258.5995368285105,39997000
2026-01-12,259.76739501953125,260.8154357257053,256.32378048041085,258.6794199598783,45263800
2026-01-13,260.5658874511719,261.3244878277737,257.9108470550362,258.24022168851656,45730800
2026-01-14,259.4779052734375,261.33447181199796,256.23393227813756,259.0087756526009,40019400
2026-01-15,257.73114013671875,260.5559089501236,256.5732877053955,260.1666175851947,39388600
2026-01-16,255.05613708496094,258.41988279267105,254.45724364888233,257.4217372195352,72142800
2026-01-20,246.2425079345703,254.31750190322293,242.9685916985444,252.26132447540706,80267500
2026-01-21,247.1907501220703,251.09350304772093,244.72532928784554,248.23880604127606,54641700
2026-01-22,247.8894500732422,250.53452965267718,247.68980878155546,248.737864640942,39708300
2026-01-23,247.58001708984375,248.94748685874615,244.22624741136653,246.86136630134166,41689000
2026-01-26,254.9363555908203,256.08421686766076,249.336758511775,251.01363570547153,55969200
2026-01-27,257.791015625,261.46421404872183,257.73112933459527,258.68937090303496,49648300
2026-01-28,255.96446228027344,258.3799575946877,254.03803333601454,257.17220993748055,41288000
2026-01-29,257.801025390625,259.16847988830324,253.93820707645818,257.52154586161765,67253000
2026-01-30,258.9988098144531,261.41430490835,251.7123292610244,254.69678984095313,92443400
2026-02-02,269.5093078613281,269.98839826257677,258.7293169184304,259.5478036352127,73913400
2026-02-03,268.98028564453125,271.3758289780004,267.11372779647115,268.70080609664296,64394700
2026-02-04,275.97723388671875,278.432693698261,271.7850411492978,271.7850411492978,90545700
2026-02-05,275.3983459472656,278.98168486317746,272.72332314901723,277.6142303156022,52977400
2026-02-06,277.6042175292969,280.3890519626743,276.4164219647768,276.6060720438839,50453400
2026-02-09,274.3672180175781,277.9439398399519,271.4499228389202,277.6541982366954,44623400
2026-02-10,273.4280700683594,275.11651686144285,272.68876099546605,274.6369782150198,34376900
2026-02-11,275.24639892578125,279.92208361183503,274.1973776592452,274.44714753122867,51931300
2026-02-12,261.4891052246094,275.46621856633783,259.94051360693726,275.3363333447182,81077200
2026-02-13,255.5445556640625,261.9886306947134,255.21485759663088,261.7688319830923,56290700
2026-02-17,263.6371154785156,266.0449008431299,255.30478047881587,257.8124646511843,58469100
2026-02-18,264.106689453125,266.57441720150126,262.20844437502524,263.35737977838915,34203300
2026-02-19,260.3401184082031,264.2365527856389,259.81060750150084,262.35827847824623,30845300
2026-02-20,264.3364562988281,264.5063132392292,257.9223826043077,258.73163460792017,42070500
2026-02-23,265.9349670410156,269.1819753311392,263.13755670993424,263.24744081710827,37308200
2026-02-24,271.8895263671875,274.6369951599546,267.46358073991865,267.61343657617186,47014600
2026-02-25,273.97760009765625,274.6869380517792,270.8005039088116,271.5298429675081,33714300
2026-02-26,272.6987609863281,275.8558253670768,270.55071567552415,274.6969199809464,32345100
2026-02-27,263.93682861328125,272.5588900215503,262.6480379442022,272.5588900215503,72366500
2026-03-02,264.476318359375,266.2846497598317,259.960490133898,262.16844722421786,41827900
2026-03-03,263.5072326660156,265.31556422164516,259.8905695547566,263.23749216234586,38568900
2026-03-04,262.2783508300781,265.9050144519466,261.179387723623,264.4063951364299,39803100
2026-03-05,260.0504150390625,261.3192350446657,257.01320478174756,260.54995479568396,49658600
2026-03-06,257.2229919433594,258.53178361058343,254.13584003818684,258.39192833924307,41120000
2026-03-09,259.6407775878906,260.9095975388004,253.44647267699952,255.45463216869055,38218500
2026-03-10,260.58990478515625,262.2384104290217,256.71350175461305,257.4128391437035,30590800
2026-03-11,260.5699157714844,261.888707997661,259.3110658747261,260.8496568052655,26218900
2026-03-12,255.52456665039062,258.71164792954545,253.94601921584928,258.4219063383753,40794000
2026-03-13,249.8897705078125,256.0940459350445,249.29033192864068,255.24483747003174,36930000
2026-03-16,252.58729553222656,253.6563027081548,249.6499992581203,251.87794235419486,32074200
2026-03-17,253.99598693847656,254.89516767044782,251.94787083452104,252.72716690012706,32361600
2026-03-18,249.70994567871094,254.70534343896443,248.7708084606242,252.3974721128864,35757900
2026-03-19,248.73085021972656,251.5982036354298,247.0723745163624,249.17043241392184,34864100
2026-03-20,247.76173400878906,248.97061168291066,245.77356028907465,247.7517334570195,88331100
2026-03-23,251.25851440429688,254.3656523266213,250.0496214753341,253.73622734962268,40546100
2026-03-24,251.4083709716797,254.5954370944537,249.32029842391177,250.1195650925759,45152300
2026-03-25,252.38746643066406,254.76528059453105,251.3684162845015,253.86611511385965,28476700
2026-03-26,252.6572265625,256.76344411909713,250.53918279672283,251.88793104116345,41796700
2026-03-27,248.57098388671875,255.2548282141602,247.8416601166152,253.666280215245,47900000
2026-03-30,246.40298461914062,250.63907198816298,245.28400520065438,249.83982057534305,39446200
2026-03-31,253.55638122558594,255.24482803058763,246.87255213324852,247.6818040942864,49598100
2026-04-01,255.3946990966797,255.94418062939917,253.096813183035,253.8461228128272,40059400
2026-04-02,255.68443298339844,255.89424639361263,250.4192795609811,253.96601496217014,31289400
2026-04-06,258.6217041015625,261.9186847371787,256.2239194053331,256.27389167390277,29329900
2026-04-07,253.26666259765625,255.96418954301222,245.47383916108728,255.92421782448065,62148000
2026-04-08,258.66168212890625,259.51090582044134,256.29386854025813,258.2121146377317,41032800
2026-04-09,260.2502136230469,260.879638597066,255.8342992320816,258.7615948993736,28121600
2026-04-10,260.240234375,261.94865175168746,258.78155637925676,259.7406946341393,31291500
2026-04-13,258.96142578125,259.9405042051452,256.4237552437805,259.49093671136296,36234700
2026-04-14,258.59173583984375,261.68888841493145,256.9532612999924,259.01136264890187,48370700
2026-04-15,266.18475341796875,266.3146386359468,257.57269269729437,257.92237663273806,49913500
2026-04-16,263.15753173828125,266.91408037974617,261.0294875448873,266.55439590858066,43323100
2026-04-17,269.98126220703125,272.0493335842862,266.47448343207725,266.7142527536172,61436200
2026-04-20,272.79864501953125,274.0275237795767,270.04120633500696,270.08114756253855,36590200
2026-04-21,265.9250183105469,272.5488901425708,265.1557075406741,271.250098918132,50209800
2026-04-22,272.9185791015625,273.48803128351057,266.62435952726383,267.5734973129919,43249200
2026-04-23,273.1783142089844,275.5161566987003,271.39995382845746,274.79681820267325,33399600
2026-04-24,270.81048583984375,272.80864483253174,269.4017800912603,272.50893317942314,38157100
2026-04-27,267.3636474609375,268.1129570778125,264.8260075108844,265.84505761361925,41466800
2026-04-28,270.4608154296875,272.97851539952296,268.4127145556596,272.0893199684016,40018900
2026-04-29,269.92132568359375,270.7905199823619,266.7942019267937,267.3037117460274,30047900
2026-04-30,271.1002502441406,275.7459641951834,267.893213328058,270.25102650288807,91848200
2026-05-01,279.88214111328125,286.95561044034525,278.1137509144006,278.6032901046287,79915400
2026-05-04,276.5751647949219,280.3716851917065,274.60697695873915,279.4025768563376,46668400
2026-05-05,283.9184265136719,284.30808218316156,276.2455026895375,276.6750995896243,49311700
2026-05-06,287.245361328125,287.76487170009636,280.8112868075762,281.66051049385584,58336100
2026-05-07,287.1754150390625,291.8611003514943,285.5169394038565,289.00371711581823,45224300
2026-05-08,293.0500183105469,294.4886952888782,289.7330669166447,289.7430674686918,52692800
2026-05-11,292.67999267578125,293.8800048828125,290.2300109863281,291.9800109863281,42247300
2026-05-12,294.79998779296875,295.2699890136719,292.55999755859375,292.55999755859375,45748100
2026-05-13,298.8699951171875,300.9200134277344,293.5,293.5,52684300
2026-05-14,298.2099914550781,300.45001220703125,295.3800048828125,299.82000732421875,35324900
2026-05-15,300.2300109863281,303.20001220703125,296.5199890136719,297.8999938964844,54721100
